{
  "requirement": "< 100ms for incremental updates",
  "iterations": 50,
  "averageTimeMs": 2.7829344600000008,
  "minTimeMs": 1.978273,
  "maxTimeMs": 5.677291,
  "changedMethods": 12,
  "achieved": true,
  "timestamp": "2025-07-27T03:31:34.545Z"
}