{
  "requirement": "< 100ms for incremental updates",
  "iterations": 50,
  "averageTimeMs": 1.7931904799999998,
  "minTimeMs": 1.526845,
  "maxTimeMs": 3.83982,
  "changedMethods": 12,
  "achieved": true,
  "timestamp": "2025-07-26T11:35:54.461Z"
}