{
  "requirement": "< 100ms for incremental updates",
  "iterations": 50,
  "averageTimeMs": 1.7256263599999997,
  "minTimeMs": 1.519591,
  "maxTimeMs": 3.612464,
  "changedMethods": 12,
  "achieved": true,
  "timestamp": "2025-07-27T04:40:11.780Z"
}