{
  "requirement": "< 100ms for incremental updates",
  "iterations": 50,
  "averageTimeMs": 1.9376278200000001,
  "minTimeMs": 1.607172,
  "maxTimeMs": 4.177779,
  "changedMethods": 12,
  "achieved": true,
  "timestamp": "2025-07-26T18:23:33.430Z"
}