{
  "requirement": "< 100ms for incremental updates",
  "iterations": 50,
  "averageTimeMs": 1.7467854399999996,
  "minTimeMs": 1.520934,
  "maxTimeMs": 3.745188,
  "changedMethods": 12,
  "achieved": true,
  "timestamp": "2025-07-27T11:03:41.854Z"
}