{
  "requirement": "< 100ms for incremental updates",
  "iterations": 50,
  "averageTimeMs": 1.8656625600000003,
  "minTimeMs": 1.627178,
  "maxTimeMs": 3.791941,
  "changedMethods": 12,
  "achieved": true,
  "timestamp": "2025-07-26T17:46:51.192Z"
}