{
  "requirement": "< 100ms for incremental updates",
  "iterations": 50,
  "averageTimeMs": 1.7419137599999996,
  "minTimeMs": 1.523502,
  "maxTimeMs": 4.388697,
  "changedMethods": 12,
  "achieved": true,
  "timestamp": "2025-07-27T05:26:44.442Z"
}