{
  "requirement": "< 500MB memory usage",
  "initialMemoryMB": 448.20692443847656,
  "finalMemoryMB": 460.4649353027344,
  "peakMemoryMB": 459.63006591796875,
  "memoryIncreaseMB": 12.258010864257812,
  "fileCount": 800,
  "methodCount": 2000,
  "executionTimeMs": 96,
  "achieved": true,
  "timestamp": "2025-07-26T05:09:27.802Z"
}