{
  "requirement": "< 500MB memory usage",
  "initialMemoryMB": 292.89823150634766,
  "finalMemoryMB": 329.0757827758789,
  "peakMemoryMB": 328.24058532714844,
  "memoryIncreaseMB": 36.17755126953125,
  "fileCount": 800,
  "methodCount": 2000,
  "executionTimeMs": 176,
  "achieved": true,
  "timestamp": "2025-07-27T11:03:42.031Z"
}