{
  "requirement": "< 500MB memory usage",
  "initialMemoryMB": 359.45020294189453,
  "finalMemoryMB": 394.9455337524414,
  "peakMemoryMB": 394.11100006103516,
  "memoryIncreaseMB": 35.495330810546875,
  "fileCount": 800,
  "methodCount": 2000,
  "executionTimeMs": 170,
  "achieved": true,
  "timestamp": "2025-07-27T05:26:44.614Z"
}