{
  "requirement": "< 500MB memory usage",
  "initialMemoryMB": 356.56395721435547,
  "finalMemoryMB": 391.5972137451172,
  "peakMemoryMB": 390.7620849609375,
  "memoryIncreaseMB": 35.03325653076172,
  "fileCount": 800,
  "methodCount": 2000,
  "executionTimeMs": 171,
  "achieved": true,
  "timestamp": "2025-07-27T04:40:11.957Z"
}