{
  "requirement": "< 5ms per method",
  "iterations": 100,
  "averageTimeMs": 2.0552597400000003,
  "minTimeMs": 1.449345,
  "maxTimeMs": 10.876357,
  "achieved": true,
  "timestamp": "2025-07-26T11:35:54.267Z"
}