{
  "requirement": "< 5ms per method",
  "iterations": 100,
  "averageTimeMs": 2.3462280899999994,
  "minTimeMs": 1.59623,
  "maxTimeMs": 13.67086,
  "achieved": true,
  "timestamp": "2025-07-26T05:09:27.478Z"
}