{
  "requirement": "< 5ms per method",
  "iterations": 100,
  "averageTimeMs": 2.0052474,
  "minTimeMs": 1.439664,
  "maxTimeMs": 10.219248,
  "achieved": true,
  "timestamp": "2025-07-27T04:40:11.592Z"
}