{
  "requirement": "< 5ms per method",
  "iterations": 100,
  "averageTimeMs": 2.112833739999999,
  "minTimeMs": 1.504426,
  "maxTimeMs": 12.822903,
  "achieved": true,
  "timestamp": "2025-07-26T17:46:50.990Z"
}