{
  "requirement": "< 5ms per method",
  "iterations": 100,
  "averageTimeMs": 2.0200487199999997,
  "minTimeMs": 1.458993,
  "maxTimeMs": 9.897634,
  "achieved": true,
  "timestamp": "2025-07-26T19:51:14.638Z"
}