{
  "requirement": "< 5ms per method",
  "iterations": 100,
  "averageTimeMs": 2.0580965800000004,
  "minTimeMs": 1.43858,
  "maxTimeMs": 9.930822,
  "achieved": true,
  "timestamp": "2025-07-27T05:26:44.252Z"
}